First Name;Last Name;Company;Email;Phone;Country;
Addison;Fields;NanoTech;addison.fields@nanotech.com;265-950-5974;Canada;User information saved.
Dan;Gray;PicoTech;dan.gray@picotech.com;712-863-1868;United Kingdom;User information saved.
Gabriel;Wood;PicoTech;gabriel.wood@picotech.com;412-705-5076;Canada;User information saved.
Irma;Rivera;NanoTech;irma.rivera@nanotech.com;448-983-9883;United States;User information saved.
Jack;Graham;MicroTech;jack.graham@microtech.com;554-883-4365;United Kingdom;User information saved.
Leon;Wilson;PicoTech;leon.wilson@picotech.com;409-758-9999;United States;User information saved.
Luke;Hale;PicoTech;luke.hale@picotech.com;590-260-4629;United States;User information saved.
Ritthy;Bailey;PicoTech;ritthy.bailey@picotech.com;623-558-5180;United Kingdom;User information saved.
Sarah;Bryant;PicoTech;sarah.bryant@picotech.com;323-358-2686;United States;User information saved.
Seth;Richards;NanoTech;seth.richards@nanotech.com;276-564-7555;United States;User information saved.
